{
  "MEZO-USDT_24h": 1776181119.4772654,
  "BLESS-USDT_24h": 1776181120.679915,
  "RAVE-USDT_24h": 1776181121.8998773,
  "XUEQIU-USDT_24h": 1776181123.1490579,
  "PUMPCADE-USDT_24h": 1776181124.3708658,
  "ON-USDT_24h": 1776181125.5987654,
  "BNLIFE-USDT_24h": 1776181126.9030597,
  "MYX-USDT_24h": 1776181128.1176808,
  "RAVE-USDT_7d": 1776181129.338147,
  "GIGGLE-USDT_24h": 1776181130.6057417,
  "GENIUS-USDT_24h": 1776182540.3264668,
  "CHECK-USDT_24h": 1776182540.3264668,
  "APR-USDT_24h": 1776182540.3264668,
  "WET-USDT_4h": 1776222627.550069,
  "INX-USDT_4h": 1776222627.5500703,
  "ARIA-USDT_1h": 1776222627.550071,
  "HOLO-USDT_4h": 1776222627.5500715,
  "AIOT-USDT_4h": 1776222627.550072,
  "XUEQIU-USDT_4h": 1776239439.122417,
  "BLESS-USDT_4h": 1776241921.4998114,
  "MEZO-USDT_4h": 1776251576.7765,
  "RAVE-USDT_4h": 1776309985.424369,
  "CHECK-USDT_4h": 1776254541.3803487,
  "BLESS-USDT_30m": 1776309985.4243739,
  "PLAYSOUT-USDT_1h": 1776309985.424375,
  "ZAMA-USDT_4h": 1776309985.4243758,
  "ARIA-USDT_4h": 1776336592.0566428,
  "PIPPIN-USDT_15m": 1776328387.9391427
}